id,batchNumber,datetime,roomTemp,humidity,lightLevel,outcome,Threshold Termp,Threshold Humid,Threshhold light
1,1,1/22/2022,29,75,32,No,Yes,Yes,No
2,1,1/23/2022,29,68,140,No,Yes,No,No
3,1,1/24/2022,41,52,102,No,No,No,No
4,1,1/25/2022,41,56,109,No,No,No,No
5,1,1/26/2022,31,71,146,No,No,Yes,No
6,1,1/27/2022,31,63,75,No,No,No,Yes
7,1,1/28/2022,29,65,77,No,Yes,No,Yes
8,1,1/29/2022,29,64,88,No,Yes,No,Yes
9,1,1/30/2022,29,76,96,Yes,Yes,Yes,Yes
10,1,1/31/2022,29,60,19,No,Yes,No,No
11,1,2/1/2022,42,54,8,No,No,No,No
12,1,2/2/2022,42,68,62,No,No,No,Yes
13,1,2/3/2022,29,55,123,No,Yes,No,No
14,1,2/4/2022,29,49,24,No,Yes,No,No
15,1,2/5/2022,29,68,34,No,Yes,No,No
16,1,2/6/2022,29,59,58,No,Yes,No,Yes
17,1,2/7/2022,41,38,30,No,No,No,No
18,1,2/8/2022,41,43,28,No,No,No,No
19,1,2/9/2022,29,75,80,Yes,Yes,Yes,Yes
20,1,2/10/2022,29,80,13,No,Yes,Yes,No
21,1,2/11/2022,42,81,10,No,No,Yes,No
22,1,2/12/2022,42,53,137,No,No,No,No
23,1,2/13/2022,29,68,3,No,Yes,No,No
24,1,2/14/2022,29,51,41,No,Yes,No,No
25,1,2/15/2022,41,41,146,No,No,No,No
26,1,2/16/2022,41,35,71,No,No,No,Yes
27,1,2/17/2022,29,38,59,No,Yes,No,Yes
28,1,2/18/2022,29,31,75,No,Yes,No,Yes
29,1,2/19/2022,29,45,87,No,Yes,No,Yes
30,1,2/20/2022,29,39,80,No,Yes,No,Yes
31,1,2/21/2022,29,44,126,No,Yes,No,No
32,1,2/22/2022,29,39,84,No,Yes,No,Yes
33,1,2/23/2022,42,45,74,No,No,No,Yes
34,1,2/24/2022,42,64,62,No,No,No,Yes
35,1,2/25/2022,29,60,141,No,Yes,No,No
36,1,2/26/2022,29,53,143,No,Yes,No,No
37,1,2/27/2022,41,52,75,No,No,No,Yes
38,1,2/28/2022,41,44,86,No,No,No,Yes
39,1,3/1/2022,29,48,71,No,Yes,No,Yes
40,1,3/2/2022,42,42,150,No,No,No,No
41,1,3/3/2022,30,64,109,No,Yes,No,No
42,1,3/4/2022,29,64,13,No,Yes,No,No
43,1,3/5/2022,42,71,125,No,No,Yes,No
44,1,3/6/2022,30,69,107,No,Yes,No,No
45,1,3/7/2022,30,74,12,No,Yes,Yes,No
46,1,3/8/2022,29,68,108,No,Yes,No,No
47,1,3/9/2022,29,60,33,No,Yes,No,No
48,1,3/10/2022,29,54,130,No,Yes,No,No
49,1,3/11/2022,29,68,125,No,Yes,No,No
50,1,3/12/2022,41,63,148,No,No,No,No
51,1,3/13/2022,30,70,80,Yes,Yes,Yes,Yes
52,1,3/14/2022,30,74,79,Yes,Yes,Yes,Yes
53,1,3/15/2022,42,80,133,No,No,Yes,No
54,1,3/16/2022,42,57,138,No,No,No,No
55,1,3/17/2022,29,58,115,No,Yes,No,No
56,1,3/18/2022,29,51,33,No,Yes,No,No
57,1,3/19/2022,31,43,83,No,No,No,Yes
58,1,3/20/2022,29,74,103,No,Yes,Yes,No
59,1,3/21/2022,29,52,56,No,Yes,No,Yes
60,1,3/22/2022,29,55,67,No,Yes,No,Yes
61,1,3/23/2022,29,70,131,No,Yes,Yes,No
62,1,3/24/2022,29,48,62,No,Yes,No,Yes
63,1,3/25/2022,29,43,97,No,Yes,No,Yes
64,1,3/26/2022,29,53,91,No,Yes,No,Yes
65,1,3/27/2022,41,57,126,No,No,No,No
66,1,3/28/2022,30,65,15,No,Yes,No,No
67,1,3/29/2022,30,85,113,No,Yes,Yes,No
68,1,3/30/2022,29,63,63,No,Yes,No,Yes
69,1,3/31/2022,29,56,88,No,Yes,No,Yes
70,1,4/1/2022,29,60,70,No,Yes,No,Yes
71,1,4/2/2022,29,74,116,No,Yes,Yes,No
72,1,4/3/2022,29,79,150,No,Yes,Yes,No
73,1,4/4/2022,29,56,94,No,Yes,No,Yes
74,1,4/5/2022,29,72,121,No,Yes,Yes,No
75,1,4/6/2022,29,76,34,No,Yes,Yes,No
76,1,4/7/2022,41,62,56,No,No,No,Yes
77,1,4/8/2022,41,65,121,No,No,No,No
78,1,4/9/2022,29,88,40,No,Yes,No,No
79,1,4/10/2022,29,71,56,Yes,Yes,Yes,Yes
80,1,4/11/2022,41,69,79,No,No,No,Yes
81,1,4/12/2022,41,66,74,No,No,No,Yes
82,1,4/13/2022,29,36,102,No,Yes,No,No
83,1,4/14/2022,29,35,90,No,Yes,No,Yes
84,1,4/15/2022,29,68,108,No,Yes,No,No
85,1,4/16/2022,29,81,68,Yes,Yes,Yes,Yes
86,1,4/17/2022,41,66,62,No,No,No,Yes
87,1,4/18/2022,41,36,21,No,No,No,No
88,1,4/19/2022,29,49,48,No,Yes,No,No
89,1,4/20/2022,29,52,100,No,Yes,No,Yes
90,1,4/21/2022,41,52,59,No,No,No,Yes
91,1,4/22/2022,41,69,56,No,No,No,Yes
92,1,4/23/2022,29,80,96,Yes,Yes,Yes,Yes
93,1,4/24/2022,29,62,42,No,Yes,No,No
94,1,4/25/2022,41,58,116,No,No,No,No
95,1,4/26/2022,41,61,39,No,No,No,No
96,1,4/27/2022,29,57,114,No,Yes,No,No
97,1,4/28/2022,29,78,123,No,Yes,Yes,No
98,1,4/29/2022,40,64,137,No,No,No,No
99,1,4/30/2022,40,43,5,No,No,No,No
100,1,5/1/2022,29,56,64,No,Yes,No,Yes
101,1,5/2/2022,29,65,136,No,Yes,No,No
102,1,5/3/2022,29,71,132,No,Yes,Yes,No
103,1,5/4/2022,29,78,149,No,Yes,Yes,No
104,1,5/5/2022,30,74,107,No,Yes,Yes,No
105,1,5/6/2022,30,58,57,No,Yes,No,Yes
106,1,5/7/2022,29,48,9,No,Yes,No,No
107,1,5/8/2022,29,76,7,No,Yes,Yes,No
108,1,5/9/2022,40,69,112,No,No,No,No
109,1,5/10/2022,40,57,32,No,No,No,No
110,1,5/11/2022,30,51,138,No,Yes,No,No
111,1,5/12/2022,30,59,97,No,Yes,No,Yes
112,1,5/13/2022,29,65,84,No,Yes,No,Yes
113,1,5/14/2022,29,66,53,No,Yes,No,Yes
114,1,5/15/2022,40,79,62,No,No,Yes,Yes
115,1,5/16/2022,40,65,101,No,No,No,No
116,1,5/17/2022,29,39,120,No,Yes,No,No
117,1,5/18/2022,29,56,135,No,Yes,No,No
118,1,5/19/2022,29,85,16,No,Yes,Yes,No
119,1,5/20/2022,29,68,26,No,Yes,No,No
120,1,5/21/2022,40,68,29,No,No,No,No
121,1,5/22/2022,40,77,147,No,No,Yes,No
122,1,5/23/2022,29,72,74,Yes,Yes,Yes,Yes
123,1,5/24/2022,29,61,119,No,Yes,No,No
124,1,5/25/2022,40,68,77,No,No,No,Yes
125,1,5/26/2022,40,63,17,No,No,No,No
126,1,5/27/2022,29,51,4,No,Yes,No,No
127,1,5/28/2022,41,73,137,No,No,Yes,No
128,1,5/29/2022,29,51,45,No,Yes,No,No
129,1,5/30/2022,41,39,107,No,No,No,No
130,1,5/31/2022,29,36,132,No,Yes,No,No
131,1,6/1/2022,29,32,62,No,Yes,No,Yes
132,1,6/2/2022,29,39,38,No,Yes,No,No
133,1,6/3/2022,29,33,21,No,Yes,No,No
134,1,6/4/2022,29,27,13,No,Yes,No,No
135,1,6/5/2022,40,27,19,No,No,No,No
136,1,6/6/2022,29,61,81,No,Yes,No,Yes
137,1,6/7/2022,40,66,19,No,No,No,No
138,1,6/8/2022,29,65,79,No,Yes,No,Yes
139,1,6/9/2022,29,75,93,Yes,Yes,Yes,Yes
140,1,6/10/2022,29,69,131,No,Yes,No,No
141,1,6/11/2022,41,71,99,No,No,Yes,Yes
142,1,6/12/2022,41,63,56,No,No,No,Yes
143,1,6/13/2022,29,87,19,No,Yes,No,No
144,1,6/14/2022,29,73,58,Yes,Yes,Yes,Yes
145,1,6/15/2022,40,57,4,No,No,No,No
146,1,6/16/2022,40,55,105,No,No,No,No
147,1,6/17/2022,29,40,19,No,Yes,No,No
148,1,6/18/2022,29,58,4,No,Yes,No,No
149,1,6/19/2022,29,67,34,No,Yes,No,No
150,1,6/20/2022,29,65,49,No,Yes,No,No
151,1,6/21/2022,29,63,69,No,Yes,No,Yes
152,1,6/22/2022,29,61,127,No,Yes,No,No
153,1,6/23/2022,29,70,115,No,Yes,Yes,No
154,1,6/24/2022,29,69,33,No,Yes,No,No
155,1,6/25/2022,29,79,83,Yes,Yes,Yes,Yes
156,1,6/26/2022,29,66,117,No,Yes,No,No
157,1,6/27/2022,39,83,79,No,No,Yes,Yes
158,1,6/28/2022,29,86,26,No,Yes,No,No
159,1,6/29/2022,29,74,56,Yes,Yes,Yes,Yes
160,1,6/30/2022,29,66,59,No,Yes,No,Yes
161,1,7/1/2022,29,60,69,No,Yes,No,Yes
162,1,7/2/2022,39,63,114,No,No,No,No
163,1,7/3/2022,38,69,41,No,No,No,No
164,1,7/4/2022,39,67,69,No,No,No,Yes
165,1,7/5/2022,29,67,24,No,Yes,No,No
166,1,7/6/2022,40,70,7,No,No,Yes,No
167,1,7/7/2022,29,72,44,No,Yes,Yes,No
168,1,7/8/2022,29,70,76,Yes,Yes,Yes,Yes
169,1,7/9/2022,39,71,95,No,No,Yes,Yes
170,1,7/10/2022,39,67,99,No,No,No,Yes
171,1,7/11/2022,29,78,51,Yes,Yes,Yes,Yes
172,1,7/12/2022,29,64,123,No,Yes,No,No
173,1,7/13/2022,29,64,88,No,Yes,No,Yes
174,1,7/14/2022,39,68,19,No,No,No,No
175,1,7/15/2022,29,75,49,No,Yes,Yes,No
176,1,7/16/2022,39,77,10,No,No,Yes,No
177,1,7/17/2022,29,73,89,Yes,Yes,Yes,Yes
178,1,7/18/2022,39,72,44,No,No,Yes,No
179,1,7/19/2022,29,69,123,No,Yes,No,No
180,1,7/20/2022,39,68,22,No,No,No,No
181,1,7/21/2022,39,68,89,No,No,No,Yes
182,1,7/22/2022,29,69,51,No,Yes,No,Yes
183,1,7/23/2022,29,72,144,No,Yes,Yes,No
184,1,7/24/2022,29,70,37,No,Yes,Yes,No
185,1,7/25/2022,29,75,77,Yes,Yes,Yes,Yes
186,1,7/26/2022,29,72,141,No,Yes,Yes,No
187,1,7/27/2022,29,77,101,No,Yes,Yes,No
188,1,7/28/2022,29,76,150,No,Yes,Yes,No
189,1,7/29/2022,29,69,68,No,Yes,No,Yes
190,1,7/30/2022,39,69,52,No,No,No,Yes
191,1,7/31/2022,39,69,51,No,No,No,Yes
192,1,8/1/2022,29,64,94,No,Yes,No,Yes
193,1,8/2/2022,29,64,133,No,Yes,No,No
194,1,8/3/2022,29,64,150,No,Yes,No,No
195,1,8/4/2022,29,62,128,No,Yes,No,No
196,1,8/5/2022,29,67,71,No,Yes,No,Yes
197,1,8/6/2022,29,70,87,Yes,Yes,Yes,Yes
198,1,8/7/2022,29,72,140,No,Yes,Yes,No
199,1,8/8/2022,29,61,120,No,Yes,No,No
200,1,8/9/2022,29,63,129,No,Yes,No,No
201,1,8/10/2022,29,59,16,No,Yes,No,No
202,1,8/11/2022,29,64,92,No,Yes,No,Yes
203,1,8/12/2022,39,60,59,No,No,No,Yes
204,1,8/13/2022,29,59,45,No,Yes,No,No
205,1,8/14/2022,29,63,67,No,Yes,No,Yes
206,1,8/15/2022,29,55,6,No,Yes,No,No
207,1,8/16/2022,39,71,121,No,No,Yes,No
208,1,8/17/2022,29,68,137,No,Yes,No,No
209,1,8/18/2022,29,77,147,No,Yes,Yes,No
210,1,8/19/2022,29,87,24,No,Yes,No,No
211,1,8/20/2022,29,76,80,Yes,Yes,Yes,Yes
212,1,8/21/2022,38,73,30,No,No,Yes,No
213,1,8/22/2022,39,70,148,No,No,Yes,No
214,1,8/23/2022,29,68,136,No,Yes,No,No
215,1,8/24/2022,39,66,24,No,No,No,No
216,1,8/25/2022,29,70,135,No,Yes,Yes,No
217,1,8/26/2022,39,63,124,No,No,No,No
218,1,8/27/2022,29,66,59,No,Yes,No,Yes
219,1,8/28/2022,38,64,41,No,No,No,No
220,1,8/29/2022,39,62,44,No,No,No,No
221,1,8/30/2022,29,63,111,No,Yes,No,No
222,1,8/31/2022,30,60,53,No,Yes,No,Yes
223,1,9/1/2022,30,64,24,No,Yes,No,No
224,1,9/2/2022,29,59,123,No,Yes,No,No
225,1,9/3/2022,29,70,24,No,Yes,Yes,No
226,1,9/4/2022,38,62,141,No,No,No,No
227,1,9/5/2022,30,66,122,No,Yes,No,No
228,1,9/6/2022,29,61,58,No,Yes,No,Yes
229,1,9/7/2022,30,64,69,No,Yes,No,Yes
230,1,9/8/2022,30,59,129,No,Yes,No,No
231,1,9/9/2022,29,60,60,No,Yes,No,Yes
232,1,9/10/2022,29,60,142,No,Yes,No,No
233,1,9/11/2022,29,58,19,No,Yes,No,No
234,1,9/12/2022,38,62,71,No,No,No,Yes
235,1,9/13/2022,38,62,123,No,No,No,No
236,1,9/14/2022,29,45,87,No,Yes,No,Yes
237,1,9/15/2022,29,50,12,No,Yes,No,No
238,1,9/16/2022,38,58,16,No,No,No,No
239,1,9/17/2022,38,57,143,No,No,No,No
240,1,9/18/2022,29,56,78,No,Yes,No,Yes
241,1,9/19/2022,29,59,77,No,Yes,No,Yes
242,1,9/20/2022,38,55,123,No,No,No,No
243,1,9/21/2022,38,57,72,No,No,No,Yes
244,1,9/22/2022,29,55,56,No,Yes,No,Yes
245,1,9/23/2022,29,55,8,No,Yes,No,No
246,1,9/24/2022,29,62,29,No,Yes,No,No
247,1,9/25/2022,29,59,56,No,Yes,No,Yes
248,1,9/26/2022,29,59,146,No,Yes,No,No
249,1,9/27/2022,29,52,93,No,Yes,No,Yes
250,1,9/28/2022,29,58,138,No,Yes,No,No
251,1,9/29/2022,29,61,99,No,Yes,No,Yes
252,1,9/30/2022,38,64,53,No,No,No,Yes
253,1,10/1/2022,29,69,87,No,Yes,No,Yes
254,1,10/2/2022,38,68,92,No,No,No,Yes
255,1,10/3/2022,38,62,113,No,No,No,No
256,1,10/4/2022,29,66,10,No,Yes,No,No
257,1,10/5/2022,38,61,66,No,No,No,Yes
258,1,10/6/2022,38,65,30,No,No,No,No
259,1,10/7/2022,29,63,135,No,Yes,No,No
260,1,10/8/2022,38,67,9,No,No,No,No
261,1,10/9/2022,29,78,45,No,Yes,Yes,No
262,1,10/10/2022,38,70,116,No,No,Yes,No
263,1,10/11/2022,29,63,104,No,Yes,No,No
264,1,10/12/2022,29,63,43,No,Yes,No,No
265,1,10/13/2022,29,60,145,No,Yes,No,No
266,1,10/14/2022,37,67,117,No,No,No,No
267,1,10/15/2022,29,92,124,No,Yes,No,No
268,1,10/16/2022,38,87,93,No,No,No,Yes
269,1,10/17/2022,29,76,31,No,Yes,Yes,No
270,1,10/18/2022,29,70,69,Yes,Yes,Yes,Yes
271,1,10/19/2022,37,75,5,No,No,Yes,No
272,1,10/20/2022,37,78,115,No,No,Yes,No
273,1,10/21/2022,29,85,107,No,Yes,Yes,No
274,1,10/22/2022,29,78,140,No,Yes,Yes,No
275,1,10/23/2022,29,71,27,No,Yes,Yes,No
276,1,10/24/2022,29,69,39,No,Yes,No,No
277,1,10/25/2022,29,57,26,No,Yes,No,No
278,1,10/26/2022,29,64,113,No,Yes,No,No
279,1,10/27/2022,29,74,73,Yes,Yes,Yes,Yes
280,1,10/28/2022,29,71,67,Yes,Yes,Yes,Yes
281,1,10/29/2022,29,78,67,Yes,Yes,Yes,Yes
282,1,10/30/2022,29,72,32,No,Yes,Yes,No
283,1,10/31/2022,30,68,116,No,Yes,No,No
284,1,11/1/2022,30,70,109,No,Yes,Yes,No
285,1,11/2/2022,37,68,31,No,No,No,No
286,1,11/3/2022,37,72,47,No,No,Yes,No
287,1,11/4/2022,29,44,122,No,Yes,No,No
288,1,11/5/2022,29,51,142,No,Yes,No,No
289,1,11/6/2022,37,69,136,No,No,No,No
290,1,11/7/2022,37,73,56,No,No,Yes,Yes
291,1,11/8/2022,29,67,141,No,Yes,No,No
292,1,11/9/2022,29,70,60,Yes,Yes,Yes,Yes
293,1,11/10/2022,37,69,38,No,No,No,No
294,1,11/11/2022,37,66,109,No,No,No,No
295,1,11/12/2022,37,85,150,No,No,Yes,No
296,1,11/13/2022,37,86,136,No,No,No,No
297,1,11/14/2022,29,63,24,No,Yes,No,No
298,1,11/15/2022,29,49,45,No,Yes,No,No
299,1,11/16/2022,29,46,38,No,Yes,No,No
300,1,11/17/2022,29,50,66,No,Yes,No,Yes
301,1,11/18/2022,36,69,43,No,No,No,No
302,1,11/19/2022,36,67,100,No,No,No,Yes
303,1,11/20/2022,29,74,76,Yes,Yes,Yes,Yes
304,1,11/21/2022,29,73,59,Yes,Yes,Yes,Yes
305,1,11/22/2022,36,61,68,No,No,No,Yes
306,1,11/23/2022,36,67,9,No,No,No,No
307,1,11/24/2022,29,64,85,No,Yes,No,Yes
308,1,11/25/2022,29,64,37,No,Yes,No,No
309,1,11/26/2022,37,62,134,No,No,No,No
310,1,11/27/2022,37,62,148,No,No,No,No
311,1,11/28/2022,37,67,109,No,No,No,No
312,1,11/29/2022,37,74,88,No,No,Yes,Yes
313,1,11/30/2022,29,68,25,No,Yes,No,No
314,1,12/1/2022,29,72,8,No,Yes,Yes,No
315,1,12/2/2022,29,60,124,No,Yes,No,No
316,1,12/3/2022,29,54,48,No,Yes,No,No
317,1,12/4/2022,36,61,117,No,No,No,No
318,1,12/5/2022,36,72,115,No,No,Yes,No
319,1,12/6/2022,29,87,38,No,Yes,No,No
320,1,12/7/2022,29,97,32,No,Yes,No,No
321,1,12/8/2022,36,75,140,No,No,Yes,No
322,1,12/9/2022,36,53,147,No,No,No,No
323,1,12/10/2022,29,67,9,No,Yes,No,No
324,1,12/11/2022,29,59,146,No,Yes,No,No
325,1,12/12/2022,30,70,96,Yes,Yes,Yes,Yes
326,1,12/13/2022,30,67,46,No,Yes,No,No
327,1,12/14/2022,36,50,45,No,No,No,No
328,1,12/15/2022,36,43,6,No,No,No,No
329,1,12/16/2022,29,44,17,No,Yes,No,No
330,1,12/17/2022,29,72,137,No,Yes,Yes,No
331,1,12/18/2022,36,91,60,No,No,No,Yes
332,1,12/19/2022,36,52,111,No,No,No,No
333,1,12/20/2022,29,51,76,No,Yes,No,Yes
334,1,12/21/2022,29,64,40,No,Yes,No,No
335,1,12/22/2022,30,85,93,Yes,Yes,Yes,Yes
336,1,12/23/2022,30,90,80,No,Yes,No,Yes
337,1,12/24/2022,36,97,30,No,No,No,No
338,1,12/25/2022,36,62,104,No,No,No,No
339,1,12/26/2022,29,47,48,No,Yes,No,No
340,1,12/27/2022,29,53,42,No,Yes,No,No
341,1,12/28/2022,29,40,77,No,Yes,No,Yes
342,1,12/29/2022,29,52,94,No,Yes,No,Yes
343,1,12/30/2022,36,62,130,No,No,No,No
344,1,12/31/2022,36,75,106,No,No,Yes,No
345,1,1/1/2023,29,71,121,No,Yes,Yes,No
346,1,1/2/2023,29,69,81,No,Yes,No,Yes
347,1,1/3/2023,30,63,34,No,Yes,No,No
348,1,1/4/2023,30,88,21,No,Yes,No,No
349,1,1/5/2023,29,94,91,No,Yes,No,Yes
350,1,1/6/2023,29,82,23,No,Yes,Yes,No
351,1,1/7/2023,35,72,126,No,No,Yes,No
352,1,1/8/2023,35,83,64,No,No,Yes,Yes
353,1,1/9/2023,29,69,78,No,Yes,No,Yes
354,1,1/10/2023,29,70,99,Yes,Yes,Yes,Yes
355,1,1/11/2023,29,75,19,No,Yes,Yes,No
356,1,1/12/2023,29,85,122,No,Yes,Yes,No
357,1,1/13/2023,29,78,101,No,Yes,Yes,No
358,1,1/14/2023,29,79,54,Yes,Yes,Yes,Yes
359,1,1/15/2023,36,82,68,No,No,Yes,Yes
360,1,1/16/2023,36,58,122,No,No,No,No
361,1,1/17/2023,36,47,44,No,No,No,No
362,1,1/18/2023,36,75,3,No,No,Yes,No
363,1,1/19/2023,29,92,8,No,Yes,No,No
364,1,1/20/2023,29,89,126,No,Yes,No,No
365,1,1/21/2023,29,82,18,No,Yes,Yes,No
366,1,1/22/2023,29,83,71,Yes,Yes,Yes,Yes
367,1,1/23/2023,36,63,33,No,No,No,No
368,1,1/24/2023,36,66,108,No,No,No,No
369,1,1/25/2023,29,62,98,No,Yes,No,Yes
370,1,1/26/2023,29,61,100,No,Yes,No,Yes
371,1,1/27/2023,36,83,67,No,No,Yes,Yes
372,1,1/28/2023,36,79,110,No,No,Yes,No
373,1,1/29/2023,29,71,135,No,Yes,Yes,No
374,1,1/30/2023,29,68,92,No,Yes,No,Yes
375,1,1/31/2023,35,87,81,No,No,No,Yes
376,1,2/1/2023,35,70,22,No,No,Yes,No
377,1,2/2/2023,29,82,120,No,Yes,Yes,No
378,1,2/3/2023,29,95,62,No,Yes,No,Yes
379,1,2/4/2023,36,74,105,No,No,Yes,No
380,1,2/5/2023,36,69,45,No,No,No,No
381,1,2/6/2023,29,54,78,No,Yes,No,Yes
382,1,2/7/2023,29,50,42,No,Yes,No,No
383,1,2/8/2023,29,54,33,No,Yes,No,No
384,1,2/9/2023,29,48,17,No,Yes,No,No
385,1,2/10/2023,36,62,3,No,No,No,No
386,1,2/11/2023,36,76,78,No,No,Yes,Yes
387,1,2/12/2023,29,90,76,No,Yes,No,Yes
388,1,2/13/2023,29,88,73,No,Yes,No,Yes
389,1,2/14/2023,36,83,66,No,No,Yes,Yes
390,1,2/15/2023,36,86,143,No,No,No,No
391,1,2/16/2023,29,68,116,No,Yes,No,No
392,1,2/17/2023,29,64,82,No,Yes,No,Yes
393,1,2/18/2023,35,63,56,No,No,No,Yes
394,1,2/19/2023,35,37,125,No,No,No,No
395,1,2/20/2023,29,59,114,No,Yes,No,No
396,1,2/21/2023,29,59,112,No,Yes,No,No
397,1,2/22/2023,35,84,145,No,No,Yes,No
398,1,2/23/2023,35,91,43,No,No,No,No
399,1,2/24/2023,35,77,111,No,No,Yes,No
400,1,2/25/2023,35,62,6,No,No,No,No
401,1,2/26/2023,29,53,87,No,Yes,No,Yes
402,1,2/27/2023,29,43,91,No,Yes,No,Yes
403,1,2/28/2023,35,47,25,No,No,No,No
404,1,3/1/2023,35,60,103,No,No,No,No
405,1,3/2/2023,35,68,99,No,No,No,Yes
406,1,3/3/2023,35,52,29,No,No,No,No
407,1,3/4/2023,29,80,135,No,Yes,Yes,No
408,1,3/5/2023,29,77,67,Yes,Yes,Yes,Yes
409,1,3/6/2023,36,48,37,No,No,No,No
410,1,3/7/2023,36,76,98,No,No,Yes,Yes
411,1,3/8/2023,29,92,112,No,Yes,No,No
412,1,3/9/2023,29,77,47,No,Yes,Yes,No
413,1,3/10/2023,35,69,87,No,No,No,Yes
414,1,3/11/2023,35,71,129,No,No,Yes,No
415,1,3/12/2023,29,72,4,No,Yes,Yes,No
416,1,3/13/2023,29,49,144,No,Yes,No,No
417,1,3/14/2023,35,57,13,No,No,No,No
418,1,3/15/2023,35,64,135,No,No,No,No
419,1,3/16/2023,35,51,5,No,No,No,No
420,1,3/17/2023,35,58,59,No,No,No,Yes
421,1,3/18/2023,29,60,20,No,Yes,No,No
422,1,3/19/2023,29,80,90,Yes,Yes,Yes,Yes
423,1,3/20/2023,35,79,111,No,No,Yes,No
424,1,3/21/2023,35,59,139,No,No,No,No
425,1,3/22/2023,35,56,123,No,No,No,No
426,1,3/23/2023,35,61,49,No,No,No,No
427,1,3/24/2023,29,72,57,Yes,Yes,Yes,Yes
428,1,3/25/2023,29,69,88,No,Yes,No,Yes
429,1,3/26/2023,35,80,47,No,No,Yes,No
430,1,3/27/2023,35,87,108,No,No,No,No
431,1,3/28/2023,29,84,97,Yes,Yes,Yes,Yes
432,1,3/29/2023,29,64,69,No,Yes,No,Yes
433,1,3/30/2023,34,74,125,No,No,Yes,No
434,1,3/31/2023,34,72,117,No,No,Yes,No
435,1,4/1/2023,29,93,141,No,Yes,No,No
436,1,4/2/2023,29,95,45,No,Yes,No,No
437,1,4/3/2023,35,95,69,No,No,No,Yes
438,1,4/4/2023,35,95,36,No,No,No,No
439,1,4/5/2023,29,95,75,No,Yes,No,Yes
440,1,4/6/2023,29,61,133,No,Yes,No,No
441,1,4/7/2023,35,54,94,No,No,No,Yes
442,1,4/8/2023,35,56,59,No,No,No,Yes
443,1,4/9/2023,29,69,42,No,Yes,No,No
444,1,4/10/2023,29,97,85,No,Yes,No,Yes
445,1,4/11/2023,29,78,145,No,Yes,Yes,No
446,1,4/12/2023,29,79,131,No,Yes,Yes,No
447,1,4/13/2023,35,73,54,No,No,Yes,Yes
448,1,4/14/2023,35,68,71,No,No,No,Yes
449,1,4/15/2023,29,61,131,No,Yes,No,No
450,1,4/16/2023,29,72,43,No,Yes,Yes,No
451,1,4/17/2023,29,73,28,No,Yes,Yes,No
452,1,4/18/2023,29,82,59,Yes,Yes,Yes,Yes
453,1,4/19/2023,35,74,81,No,No,Yes,Yes
454,1,4/20/2023,35,79,102,No,No,Yes,No
455,1,4/21/2023,29,89,150,No,Yes,No,No
456,1,4/22/2023,29,95,111,No,Yes,No,No
457,1,4/23/2023,29,75,96,Yes,Yes,Yes,Yes
458,1,4/24/2023,29,73,11,No,Yes,Yes,No
459,1,4/25/2023,29,72,123,No,Yes,Yes,No
460,1,4/26/2023,29,72,30,No,Yes,Yes,No
461,1,4/27/2023,30,62,122,No,Yes,No,No
462,1,4/28/2023,30,44,53,No,Yes,No,Yes
463,1,4/29/2023,35,54,130,No,No,No,No
464,1,4/30/2023,35,67,93,No,No,No,Yes
465,1,5/1/2023,30,76,112,No,Yes,Yes,No
466,1,5/2/2023,30,74,27,No,Yes,Yes,No
467,1,5/3/2023,35,71,137,No,No,Yes,No
468,1,5/4/2023,35,76,82,No,No,Yes,Yes
469,1,5/5/2023,29,67,96,No,Yes,No,Yes
470,1,5/6/2023,29,53,126,No,Yes,No,No
471,1,5/7/2023,35,78,59,No,No,Yes,Yes
472,1,5/8/2023,35,76,31,No,No,Yes,No
473,1,5/9/2023,29,71,106,No,Yes,Yes,No
474,1,5/10/2023,29,81,147,No,Yes,Yes,No
475,1,5/11/2023,36,73,72,No,No,Yes,Yes
476,1,5/12/2023,36,70,17,No,No,Yes,No
477,1,5/13/2023,29,86,32,No,Yes,No,No
478,1,5/14/2023,29,81,25,No,Yes,Yes,No
479,1,5/15/2023,35,67,72,No,No,No,Yes
480,1,5/16/2023,35,67,94,No,No,No,Yes
481,1,5/17/2023,29,69,81,No,Yes,No,Yes
482,1,5/18/2023,29,78,69,Yes,Yes,Yes,Yes
483,1,5/19/2023,35,81,89,No,No,Yes,Yes
484,1,5/20/2023,35,82,85,No,No,Yes,Yes
485,1,5/21/2023,29,60,120,No,Yes,No,No
486,1,5/22/2023,29,48,32,No,Yes,No,No
487,1,5/23/2023,29,66,95,No,Yes,No,Yes
488,1,5/24/2023,29,79,97,Yes,Yes,Yes,Yes
489,1,5/25/2023,35,85,55,No,No,Yes,Yes
490,1,5/26/2023,35,85,82,No,No,Yes,Yes
491,1,5/27/2023,29,61,21,No,Yes,No,No
492,1,5/28/2023,29,77,10,No,Yes,Yes,No
493,1,5/29/2023,35,66,139,No,No,No,No
494,1,5/30/2023,35,74,7,No,No,Yes,No
495,1,5/31/2023,29,61,106,No,Yes,No,No
496,1,6/1/2023,29,60,101,No,Yes,No,No
497,1,6/2/2023,35,60,101,No,No,No,No
498,1,6/3/2023,35,58,110,No,No,No,No
499,1,6/4/2023,29,67,62,No,Yes,No,Yes
500,1,6/5/2023,29,71,24,No,Yes,Yes,No
501,1,6/6/2023,36,77,18,No,No,Yes,No
502,1,6/7/2023,36,74,24,No,No,Yes,No
503,1,6/8/2023,29,81,79,Yes,Yes,Yes,Yes
504,1,6/9/2023,29,88,78,No,Yes,No,Yes
505,1,6/10/2023,29,79,95,Yes,Yes,Yes,Yes
506,1,6/11/2023,29,71,63,Yes,Yes,Yes,Yes
507,1,6/12/2023,30,78,8,No,Yes,Yes,No
508,1,6/13/2023,30,91,91,No,Yes,No,Yes
509,1,6/14/2023,29,97,81,No,Yes,No,Yes
510,1,6/15/2023,29,83,59,Yes,Yes,Yes,Yes
511,1,6/16/2023,30,87,109,No,Yes,No,No
512,1,6/17/2023,30,79,4,No,Yes,Yes,No
513,1,6/18/2023,29,83,128,No,Yes,Yes,No
514,1,6/19/2023,29,77,142,No,Yes,Yes,No
515,1,6/20/2023,30,73,114,No,Yes,Yes,No
516,1,6/21/2023,30,75,52,Yes,Yes,Yes,Yes
517,1,6/22/2023,30,84,53,Yes,Yes,Yes,Yes
518,1,6/23/2023,30,91,110,No,Yes,No,No
519,1,6/24/2023,29,83,90,Yes,Yes,Yes,Yes
520,1,6/25/2023,29,81,47,No,Yes,Yes,No
521,1,6/26/2023,29,87,53,No,Yes,No,Yes
522,1,6/27/2023,29,80,96,Yes,Yes,Yes,Yes
523,1,6/28/2023,30,82,112,No,Yes,Yes,No
524,1,6/29/2023,30,80,60,Yes,Yes,Yes,Yes
525,1,6/30/2023,36,76,56,No,No,Yes,Yes
526,1,7/1/2023,36,74,7,No,No,Yes,No
527,1,7/2/2023,29,67,126,No,Yes,No,No
528,1,7/3/2023,29,70,69,Yes,Yes,Yes,Yes
529,1,7/4/2023,29,70,123,No,Yes,Yes,No
530,1,7/5/2023,29,69,148,No,Yes,No,No
531,1,7/6/2023,36,68,123,No,No,No,No
532,1,7/7/2023,36,72,122,No,No,Yes,No
533,1,7/8/2023,29,72,64,Yes,Yes,Yes,Yes
534,1,7/9/2023,29,71,69,Yes,Yes,Yes,Yes
535,1,7/10/2023,29,67,57,No,Yes,No,Yes
536,1,7/11/2023,29,60,93,No,Yes,No,Yes
537,1,7/12/2023,29,62,55,No,Yes,No,Yes
538,1,7/13/2023,29,71,135,No,Yes,Yes,No
539,1,7/14/2023,29,70,82,Yes,Yes,Yes,Yes
540,1,7/15/2023,29,70,102,No,Yes,Yes,No
541,1,7/16/2023,29,87,91,No,Yes,No,Yes
542,1,7/17/2023,29,78,29,No,Yes,Yes,No
543,1,7/18/2023,29,84,108,No,Yes,Yes,No
544,1,7/19/2023,29,83,15,No,Yes,Yes,No
545,1,7/20/2023,36,82,36,No,No,Yes,No
546,1,7/21/2023,36,87,108,No,No,No,No
547,1,7/22/2023,29,90,3,No,Yes,No,No
548,1,7/23/2023,29,85,115,No,Yes,Yes,No
549,1,7/24/2023,29,84,29,No,Yes,Yes,No
550,1,7/25/2023,29,73,92,Yes,Yes,Yes,Yes
551,1,7/26/2023,36,78,88,No,No,Yes,Yes
552,1,7/27/2023,36,76,114,No,No,Yes,No
553,1,7/28/2023,29,73,47,No,Yes,Yes,No
554,1,7/29/2023,29,75,57,Yes,Yes,Yes,Yes
555,1,7/30/2023,29,73,4,No,Yes,Yes,No
556,1,7/31/2023,29,75,84,Yes,Yes,Yes,Yes
557,1,8/1/2023,36,76,142,No,No,Yes,No
558,1,8/2/2023,36,78,29,No,No,Yes,No
559,1,8/3/2023,29,78,102,No,Yes,Yes,No
560,1,8/4/2023,29,69,137,No,Yes,No,No
561,1,8/5/2023,29,73,53,Yes,Yes,Yes,Yes
562,1,8/6/2023,29,75,124,No,Yes,Yes,No
563,1,8/7/2023,29,72,106,No,Yes,Yes,No
564,1,8/8/2023,29,71,90,Yes,Yes,Yes,Yes
565,1,8/9/2023,29,69,21,No,Yes,No,No
566,1,8/10/2023,29,65,79,No,Yes,No,Yes
567,1,8/11/2023,29,68,120,No,Yes,No,No
568,1,8/12/2023,29,69,65,No,Yes,No,Yes
569,1,8/13/2023,36,67,42,No,No,No,No
570,1,8/14/2023,36,69,113,No,No,No,No
571,1,8/15/2023,29,61,11,No,Yes,No,No
572,1,8/16/2023,29,64,53,No,Yes,No,Yes
573,1,8/17/2023,36,69,60,No,No,No,Yes
574,1,8/18/2023,36,66,77,No,No,No,Yes
575,1,8/19/2023,29,65,116,No,Yes,No,No
576,1,8/20/2023,29,65,107,No,Yes,No,No
577,1,8/21/2023,29,66,135,No,Yes,No,No
578,1,8/22/2023,29,66,16,No,Yes,No,No
579,1,8/23/2023,29,64,109,No,Yes,No,No
580,1,8/24/2023,29,62,19,No,Yes,No,No
581,1,8/25/2023,29,62,54,No,Yes,No,Yes
582,1,8/26/2023,29,66,64,No,Yes,No,Yes
583,1,8/27/2023,29,67,138,No,Yes,No,No
584,1,8/28/2023,29,62,146,No,Yes,No,No
585,1,8/29/2023,29,63,5,No,Yes,No,No
586,1,8/30/2023,29,61,132,No,Yes,No,No
587,1,8/31/2023,36,55,150,No,No,No,No
588,1,9/1/2023,36,52,103,No,No,No,No
589,1,9/2/2023,29,47,92,No,Yes,No,Yes
590,1,9/3/2023,29,48,74,No,Yes,No,Yes
591,1,9/4/2023,36,54,134,No,No,No,No
592,1,9/5/2023,36,62,116,No,No,No,No
593,1,9/6/2023,29,59,103,No,Yes,No,No
594,1,9/7/2023,29,59,82,No,Yes,No,Yes
595,1,9/8/2023,29,61,22,No,Yes,No,No
596,1,9/9/2023,29,66,100,No,Yes,No,Yes
597,1,9/10/2023,29,65,66,No,Yes,No,Yes
598,1,9/11/2023,29,62,30,No,Yes,No,No
599,1,9/12/2023,36,56,27,No,No,No,No
600,1,9/13/2023,36,43,107,No,No,No,No
601,1,9/14/2023,29,51,14,No,Yes,No,No
602,1,9/15/2023,29,58,77,No,Yes,No,Yes
603,1,9/16/2023,36,54,24,No,No,No,No
604,1,9/17/2023,36,58,122,No,No,No,No
605,1,9/18/2023,35,61,60,No,No,No,Yes
606,1,9/19/2023,35,62,51,No,No,No,Yes
607,1,9/20/2023,36,62,95,No,No,No,Yes
608,1,9/21/2023,36,78,140,No,No,Yes,No
609,1,9/22/2023,37,73,59,No,No,Yes,Yes
610,1,9/23/2023,37,65,139,No,No,No,No
611,1,9/24/2023,29,64,121,No,Yes,No,No
612,1,9/25/2023,29,58,104,No,Yes,No,No
613,1,9/26/2023,29,56,98,No,Yes,No,Yes
614,1,9/27/2023,29,62,108,No,Yes,No,No
615,1,9/28/2023,36,56,132,No,No,No,No
616,1,9/29/2023,36,50,114,No,No,No,No
617,1,9/30/2023,29,55,63,No,Yes,No,Yes
618,1,10/1/2023,29,55,104,No,Yes,No,No
619,1,10/2/2023,36,59,77,No,No,No,Yes
620,1,10/3/2023,36,64,83,No,No,No,Yes
621,1,10/4/2023,36,65,111,No,No,No,No
622,1,10/5/2023,36,64,130,No,No,No,No
623,1,10/6/2023,29,62,40,No,Yes,No,No
624,1,10/7/2023,29,62,66,No,Yes,No,Yes
625,1,10/8/2023,36,63,18,No,No,No,No
626,1,10/9/2023,36,61,25,No,No,No,No
627,1,10/10/2023,35,61,42,No,No,No,No
628,1,10/11/2023,35,74,36,No,No,Yes,No
629,1,10/12/2023,29,71,150,No,Yes,Yes,No
630,1,10/13/2023,29,72,31,No,Yes,Yes,No
631,1,10/14/2023,36,55,116,No,No,No,No
632,1,10/15/2023,36,49,10,No,No,No,No
633,1,10/16/2023,29,53,146,No,Yes,No,No
634,1,10/17/2023,29,67,45,No,Yes,No,No
635,1,10/18/2023,29,72,141,No,Yes,Yes,No
636,1,10/19/2023,29,67,71,No,Yes,No,Yes
637,1,10/20/2023,36,64,4,No,No,No,No
638,1,10/21/2023,36,60,81,No,No,No,Yes
639,1,10/22/2023,29,60,55,No,Yes,No,Yes
640,1,10/23/2023,29,57,11,No,Yes,No,No
641,1,10/24/2023,36,56,27,No,No,No,No
642,1,10/25/2023,36,58,8,No,No,No,No
643,1,10/26/2023,29,49,58,No,Yes,No,Yes
644,1,10/27/2023,29,58,135,No,Yes,No,No
645,1,10/28/2023,36,54,98,No,No,No,Yes
646,1,10/29/2023,36,50,142,No,No,No,No
647,1,10/30/2023,29,64,23,No,Yes,No,No
648,1,10/31/2023,29,63,122,No,Yes,No,No
649,1,11/1/2023,36,56,119,No,No,No,No
650,1,11/2/2023,36,52,27,No,No,No,No
651,1,11/3/2023,29,45,57,No,Yes,No,Yes
652,1,11/4/2023,29,40,109,No,Yes,No,No
653,1,11/5/2023,29,45,105,No,Yes,No,No
654,1,11/6/2023,29,45,28,No,Yes,No,No
655,1,11/7/2023,29,44,103,No,Yes,No,No
656,1,11/8/2023,29,54,26,No,Yes,No,No
657,1,11/9/2023,29,64,85,No,Yes,No,Yes
658,1,11/10/2023,29,62,145,No,Yes,No,No
659,1,11/11/2023,37,56,35,No,No,No,No
660,1,11/12/2023,37,55,111,No,No,No,No
661,1,11/13/2023,29,62,18,No,Yes,No,No
662,1,11/14/2023,29,45,40,No,Yes,No,No
663,1,11/15/2023,29,36,61,No,Yes,No,Yes
664,1,11/16/2023,29,55,20,No,Yes,No,No
665,1,11/17/2023,36,60,149,No,No,No,No
666,1,11/18/2023,36,46,65,No,No,No,Yes
667,1,11/19/2023,29,33,87,No,Yes,No,Yes
668,1,11/20/2023,29,46,24,No,Yes,No,No
669,1,11/21/2023,29,61,41,No,Yes,No,No
670,1,11/22/2023,29,71,7,No,Yes,Yes,No
671,1,11/23/2023,29,85,84,Yes,Yes,Yes,Yes
672,1,11/24/2023,29,91,138,No,Yes,No,No
673,1,11/25/2023,29,94,102,No,Yes,No,No
674,1,11/26/2023,29,89,136,No,Yes,No,No
675,1,11/27/2023,36,62,123,No,No,No,No
676,1,11/28/2023,36,61,87,No,No,No,Yes
677,1,11/29/2023,29,53,136,No,Yes,No,No
678,1,11/30/2023,29,66,104,No,Yes,No,No
679,1,12/1/2023,37,90,87,No,No,No,Yes
680,1,12/2/2023,37,82,17,No,No,Yes,No
681,1,12/3/2023,29,75,53,Yes,Yes,Yes,Yes
682,1,12/4/2023,29,75,50,Yes,Yes,Yes,Yes
683,1,12/5/2023,29,74,144,No,Yes,Yes,No
684,1,12/6/2023,29,82,142,No,Yes,Yes,No
685,1,12/7/2023,29,83,95,Yes,Yes,Yes,Yes
686,1,12/8/2023,29,62,77,No,Yes,No,Yes
687,1,12/9/2023,29,79,85,Yes,Yes,Yes,Yes
688,1,12/10/2023,29,56,74,No,Yes,No,Yes
689,1,12/11/2023,29,66,113,No,Yes,No,No
690,1,12/12/2023,29,82,54,Yes,Yes,Yes,Yes
691,1,12/13/2023,29,62,22,No,Yes,No,No
692,1,12/14/2023,29,36,46,No,Yes,No,No
693,1,12/15/2023,36,47,147,No,No,No,No
694,1,12/16/2023,36,66,66,No,No,No,Yes
695,1,12/17/2023,37,73,37,No,No,Yes,No
696,1,12/18/2023,37,92,17,No,No,No,No
697,1,12/19/2023,36,69,104,No,No,No,No
698,1,12/20/2023,36,64,49,No,No,No,No
699,1,12/21/2023,29,59,132,No,Yes,No,No
700,1,12/22/2023,29,67,100,No,Yes,No,Yes
701,1,12/23/2023,36,63,104,No,No,No,No
702,1,12/24/2023,36,56,32,No,No,No,No
703,1,12/25/2023,29,61,119,No,Yes,No,No
704,1,12/26/2023,29,74,62,Yes,Yes,Yes,Yes
705,1,12/27/2023,36,77,74,No,No,Yes,Yes
706,1,12/28/2023,36,91,89,No,No,No,Yes
707,1,12/29/2023,36,94,133,No,No,No,No
708,1,12/30/2023,36,91,84,No,No,No,Yes
709,1,12/31/2023,36,91,73,No,No,No,Yes
710,1,1/1/2024,36,86,20,No,No,No,No
711,1,1/2/2024,29,72,37,No,Yes,Yes,No
712,1,1/3/2024,29,65,72,No,Yes,No,Yes
713,1,1/4/2024,36,61,141,No,No,No,No
714,1,1/5/2024,36,66,111,No,No,No,No
715,1,1/6/2024,36,66,3,No,No,No,No
716,1,1/7/2024,36,71,116,No,No,Yes,No
717,1,1/8/2024,29,64,76,No,Yes,No,Yes
718,1,1/9/2024,29,70,103,No,Yes,Yes,No
719,1,1/10/2024,29,61,48,No,Yes,No,No
720,1,1/11/2024,29,78,131,No,Yes,Yes,No
721,1,1/12/2024,37,79,72,No,No,Yes,Yes
722,1,1/13/2024,37,85,127,No,No,Yes,No
723,1,1/14/2024,36,84,84,No,No,Yes,Yes
724,1,1/15/2024,36,57,64,No,No,No,Yes
725,1,1/16/2024,29,86,62,No,Yes,No,Yes
726,1,1/17/2024,29,40,104,No,Yes,No,No
727,1,1/18/2024,36,54,150,No,No,No,No
728,1,1/19/2024,36,55,68,No,No,No,Yes
729,1,1/20/2024,29,68,149,No,Yes,No,No
730,1,1/21/2024,29,89,84,No,Yes,No,Yes
731,1,1/22/2024,29,79,36,No,Yes,Yes,No
732,1,1/23/2024,29,69,78,No,Yes,No,Yes
733,1,1/24/2024,29,59,78,No,Yes,No,Yes
734,1,1/25/2024,29,81,78,Yes,Yes,Yes,Yes
735,1,1/26/2024,29,77,43,No,Yes,Yes,No
736,1,1/27/2024,29,85,44,No,Yes,Yes,No
737,1,1/28/2024,29,89,115,No,Yes,No,No
738,1,1/29/2024,29,75,133,No,Yes,Yes,No
739,1,1/30/2024,29,74,42,No,Yes,Yes,No
740,1,1/31/2024,29,80,74,Yes,Yes,Yes,Yes
741,1,2/1/2024,29,78,93,Yes,Yes,Yes,Yes
742,1,2/2/2024,29,60,107,No,Yes,No,No
743,1,2/3/2024,30,77,91,Yes,Yes,Yes,Yes
744,1,2/4/2024,30,70,75,Yes,Yes,Yes,Yes
745,1,2/5/2024,29,58,22,No,Yes,No,No
746,1,2/6/2024,29,68,127,No,Yes,No,No
747,1,2/7/2024,30,86,89,No,Yes,No,Yes
748,1,2/8/2024,30,71,63,Yes,Yes,Yes,Yes
749,1,2/9/2024,29,86,63,No,Yes,No,Yes
750,1,2/10/2024,29,59,9,No,Yes,No,No
751,1,2/11/2024,29,61,31,No,Yes,No,No
752,1,2/12/2024,29,59,95,No,Yes,No,Yes
753,1,2/13/2024,29,58,30,No,Yes,No,No
754,1,2/14/2024,29,68,61,No,Yes,No,Yes
755,1,2/15/2024,30,75,146,No,Yes,Yes,No
756,1,2/16/2024,30,58,138,No,Yes,No,No
757,1,2/17/2024,30,61,92,No,Yes,No,Yes
758,1,2/18/2024,30,65,112,No,Yes,No,No
759,1,2/19/2024,29,70,48,No,Yes,Yes,No
760,1,2/20/2024,29,78,127,No,Yes,Yes,No
761,1,2/21/2024,30,70,61,Yes,Yes,Yes,Yes
762,1,2/22/2024,30,66,46,No,Yes,No,No
763,1,2/23/2024,37,56,111,No,No,No,No
764,1,2/24/2024,37,61,142,No,No,No,No
765,1,2/25/2024,30,61,14,No,Yes,No,No
766,1,2/26/2024,30,66,68,No,Yes,No,Yes
767,1,2/27/2024,37,50,127,No,No,No,No
768,1,2/28/2024,37,47,31,No,No,No,No
769,1,2/29/2024,29,53,143,No,Yes,No,No
770,1,3/1/2024,29,53,122,No,Yes,No,No
771,1,3/2/2024,29,59,43,No,Yes,No,No
772,1,3/3/2024,29,55,137,No,Yes,No,No
773,1,3/4/2024,37,73,116,No,No,Yes,No
774,1,3/5/2024,37,28,30,No,No,No,No
775,1,3/6/2024,29,41,12,No,Yes,No,No
776,1,3/7/2024,29,49,81,No,Yes,No,Yes
777,1,3/8/2024,29,47,66,No,Yes,No,Yes
778,1,3/9/2024,29,51,65,No,Yes,No,Yes
779,1,3/10/2024,37,62,68,No,No,No,Yes
780,1,3/11/2024,37,37,142,No,No,No,No
781,1,3/12/2024,29,40,22,No,Yes,No,No
782,1,3/13/2024,29,54,74,No,Yes,No,Yes
783,1,3/14/2024,29,36,58,No,Yes,No,Yes
784,1,3/15/2024,29,60,13,No,Yes,No,No
785,1,3/16/2024,29,60,127,No,Yes,No,No
786,1,3/17/2024,29,71,147,No,Yes,Yes,No
787,1,3/18/2024,37,59,111,No,No,No,No
788,1,3/19/2024,37,49,23,No,No,No,No
789,1,3/20/2024,29,35,53,No,Yes,No,Yes
790,1,3/21/2024,29,68,23,No,Yes,No,No
791,1,3/22/2024,37,63,46,No,No,No,No
792,1,3/23/2024,37,76,72,No,No,Yes,Yes
793,1,3/24/2024,29,86,47,No,Yes,No,No
794,1,3/25/2024,29,74,131,No,Yes,Yes,No
795,1,3/26/2024,30,76,99,Yes,Yes,Yes,Yes
796,1,3/27/2024,30,49,28,No,Yes,No,No
797,1,3/28/2024,37,53,82,No,No,No,Yes
798,1,3/29/2024,37,42,91,No,No,No,Yes
799,1,3/30/2024,29,62,14,No,Yes,No,No
800,1,3/31/2024,29,72,149,No,Yes,Yes,No
801,1,4/1/2024,29,72,117,No,Yes,Yes,No
802,1,4/2/2024,29,62,38,No,Yes,No,No
803,1,4/3/2024,37,59,120,No,No,No,No
804,1,4/4/2024,37,53,90,No,No,No,Yes
805,1,4/5/2024,29,48,127,No,Yes,No,No
806,1,4/6/2024,29,66,116,No,Yes,No,No
807,1,4/7/2024,37,74,109,No,No,Yes,No
808,1,4/8/2024,37,76,26,No,No,Yes,No
809,1,4/9/2024,29,74,120,No,Yes,Yes,No
810,1,4/10/2024,29,92,51,No,Yes,No,Yes
811,1,4/11/2024,30,92,77,No,Yes,No,Yes
812,1,4/12/2024,30,87,93,No,Yes,No,Yes
813,1,4/13/2024,29,75,136,No,Yes,Yes,No
814,1,4/14/2024,29,59,105,No,Yes,No,No
815,1,4/15/2024,29,48,40,No,Yes,No,No
816,1,4/16/2024,29,59,144,No,Yes,No,No
817,1,4/17/2024,29,61,146,No,Yes,No,No
818,1,4/18/2024,29,76,56,Yes,Yes,Yes,Yes
819,1,4/19/2024,29,85,16,No,Yes,Yes,No
820,1,4/20/2024,29,52,61,No,Yes,No,Yes
821,1,4/21/2024,37,44,41,No,No,No,No
822,1,4/22/2024,37,57,95,No,No,No,Yes
823,1,4/23/2024,29,67,77,No,Yes,No,Yes
824,1,4/24/2024,29,71,66,Yes,Yes,Yes,Yes
825,1,4/25/2024,30,51,103,No,Yes,No,No
826,1,4/26/2024,30,60,99,No,Yes,No,Yes
827,1,4/27/2024,29,75,5,No,Yes,Yes,No
828,1,4/28/2024,29,70,137,No,Yes,Yes,No
829,1,4/29/2024,38,51,112,No,No,No,No
830,1,4/30/2024,38,76,26,No,No,Yes,No
831,1,5/1/2024,30,88,123,No,Yes,No,No
832,1,5/2/2024,30,59,38,No,Yes,No,No
833,1,5/3/2024,29,57,62,No,Yes,No,Yes
834,1,5/4/2024,29,50,129,No,Yes,No,No
835,1,5/5/2024,30,58,80,No,Yes,No,Yes
836,1,5/6/2024,30,48,11,No,Yes,No,No
837,1,5/7/2024,30,50,98,No,Yes,No,Yes
838,1,5/8/2024,30,56,90,No,Yes,No,Yes
839,1,5/9/2024,29,55,54,No,Yes,No,Yes
840,1,5/10/2024,29,51,109,No,Yes,No,No
841,1,5/11/2024,37,63,67,No,No,No,Yes
842,1,5/12/2024,37,75,76,No,No,Yes,Yes
843,1,5/13/2024,30,74,99,Yes,Yes,Yes,Yes
844,1,5/14/2024,30,83,82,Yes,Yes,Yes,Yes
845,1,5/15/2024,29,83,73,Yes,Yes,Yes,Yes
846,1,5/16/2024,29,75,110,No,Yes,Yes,No
847,1,5/17/2024,37,77,150,No,No,Yes,No
848,1,5/18/2024,37,92,22,No,No,No,No
849,1,5/19/2024,30,90,148,No,Yes,No,No
850,1,5/20/2024,30,87,29,No,Yes,No,No
851,1,5/21/2024,29,79,86,Yes,Yes,Yes,Yes
852,1,5/22/2024,29,72,99,Yes,Yes,Yes,Yes
853,1,5/23/2024,36,70,79,No,No,Yes,Yes
854,1,5/24/2024,36,63,103,No,No,No,No
855,1,5/25/2024,37,61,3,No,No,No,No
856,1,5/26/2024,37,79,76,No,No,Yes,Yes
857,1,5/27/2024,29,76,146,No,Yes,Yes,No
858,1,5/28/2024,29,77,31,No,Yes,Yes,No
859,1,5/29/2024,38,54,87,No,No,No,Yes
860,1,5/30/2024,38,71,21,No,No,Yes,No
861,1,5/31/2024,37,82,66,No,No,Yes,Yes
862,1,6/1/2024,37,73,74,No,No,Yes,Yes
863,1,6/2/2024,29,69,117,No,Yes,No,No
864,1,6/3/2024,29,68,10,No,Yes,No,No
865,1,6/4/2024,37,60,137,No,No,No,No
866,1,6/5/2024,37,57,50,No,No,No,Yes
867,1,6/6/2024,29,51,68,No,Yes,No,Yes
868,1,6/7/2024,29,60,69,No,Yes,No,Yes
869,1,6/8/2024,37,65,99,No,No,No,Yes
870,1,6/9/2024,37,88,70,No,No,No,Yes
871,1,6/10/2024,29,69,98,No,Yes,No,Yes
872,1,6/11/2024,29,75,27,No,Yes,Yes,No
873,1,6/12/2024,36,76,121,No,No,Yes,No
874,1,6/13/2024,36,78,27,No,No,Yes,No
875,1,6/14/2024,29,69,118,No,Yes,No,No
876,1,6/15/2024,29,87,81,No,Yes,No,Yes
877,1,6/16/2024,29,83,68,Yes,Yes,Yes,Yes
878,1,6/17/2024,29,84,111,No,Yes,Yes,No
879,1,6/18/2024,36,83,59,No,No,Yes,Yes
880,1,6/19/2024,36,77,69,No,No,Yes,Yes
881,1,6/20/2024,29,84,121,No,Yes,Yes,No
882,1,6/21/2024,29,74,38,No,Yes,Yes,No
883,1,6/22/2024,29,81,80,Yes,Yes,Yes,Yes
884,1,6/23/2024,29,82,76,Yes,Yes,Yes,Yes
885,1,6/24/2024,36,84,99,No,No,Yes,Yes
886,1,6/25/2024,36,76,61,No,No,Yes,Yes
887,1,6/26/2024,29,81,113,No,Yes,Yes,No
888,1,6/27/2024,29,76,18,No,Yes,Yes,No
889,1,6/28/2024,36,87,33,No,No,No,No
890,1,6/29/2024,36,79,85,No,No,Yes,Yes
891,1,6/30/2024,29,78,139,No,Yes,Yes,No
892,1,7/1/2024,29,67,7,No,Yes,No,No
893,1,7/2/2024,29,85,98,Yes,Yes,Yes,Yes
894,1,7/3/2024,29,75,7,No,Yes,Yes,No
895,1,7/4/2024,29,76,83,Yes,Yes,Yes,Yes
896,1,7/5/2024,29,74,11,No,Yes,Yes,No
897,1,7/6/2024,37,76,150,No,No,Yes,No
898,1,7/7/2024,37,66,108,No,No,No,No
899,1,7/8/2024,37,53,81,No,No,No,Yes
900,1,7/9/2024,37,64,91,No,No,No,Yes
901,1,7/10/2024,37,71,146,No,No,Yes,No
902,1,7/11/2024,37,73,116,No,No,Yes,No
903,1,7/12/2024,29,77,114,No,Yes,Yes,No
904,1,7/13/2024,29,72,34,No,Yes,Yes,No
905,1,7/14/2024,37,74,130,No,No,Yes,No
906,1,7/15/2024,37,76,62,No,No,Yes,Yes
907,1,7/16/2024,29,71,9,No,Yes,Yes,No
908,1,7/17/2024,29,66,44,No,Yes,No,No
909,1,7/18/2024,37,71,111,No,No,Yes,No
910,1,7/19/2024,37,70,5,No,No,Yes,No
911,1,7/20/2024,36,67,126,No,No,No,No
912,1,7/21/2024,36,67,139,No,No,No,No
913,1,7/22/2024,29,65,96,No,Yes,No,Yes
914,1,7/23/2024,29,66,10,No,Yes,No,No
915,1,7/24/2024,37,72,8,No,No,Yes,No
916,1,7/25/2024,37,70,48,No,No,Yes,No
917,1,7/26/2024,29,73,102,No,Yes,Yes,No
918,1,7/27/2024,29,81,82,Yes,Yes,Yes,Yes
919,1,7/28/2024,38,73,39,No,No,Yes,No
920,1,7/29/2024,38,65,87,No,No,No,Yes
921,1,7/30/2024,29,69,65,No,Yes,No,Yes
922,1,7/31/2024,37,66,149,No,No,No,No
923,1,8/1/2024,29,65,140,No,Yes,No,No
924,1,8/2/2024,37,70,58,No,No,Yes,Yes
925,1,8/3/2024,29,67,66,No,Yes,No,Yes
926,1,8/4/2024,37,67,77,No,No,No,Yes
927,1,8/5/2024,29,62,111,No,Yes,No,No
928,1,8/6/2024,37,65,116,No,No,No,No
929,1,8/7/2024,38,68,138,No,No,No,No
930,1,8/8/2024,38,64,32,No,No,No,No
931,1,8/9/2024,29,64,111,No,Yes,No,No
932,1,8/10/2024,29,65,47,No,Yes,No,No
933,1,8/11/2024,29,67,92,No,Yes,No,Yes
934,1,8/12/2024,29,60,113,No,Yes,No,No
935,1,8/13/2024,37,64,150,No,No,No,No
936,1,8/14/2024,37,64,98,No,No,No,Yes
937,1,8/15/2024,29,64,95,No,Yes,No,Yes
938,1,8/16/2024,29,62,123,No,Yes,No,No
939,1,8/17/2024,37,66,66,No,No,No,Yes
940,1,8/18/2024,29,63,107,No,Yes,No,No
941,1,8/19/2024,29,65,70,No,Yes,No,Yes
942,1,8/20/2024,37,64,46,No,No,No,No
943,1,8/21/2024,29,62,117,No,Yes,No,No
944,1,8/22/2024,29,60,29,No,Yes,No,No
945,1,8/23/2024,37,59,16,No,No,No,No
946,1,8/24/2024,29,60,103,No,Yes,No,No
947,1,8/25/2024,37,64,148,No,No,No,No
948,1,8/26/2024,29,66,109,No,Yes,No,No
949,1,8/27/2024,37,76,64,No,No,Yes,Yes
950,1,8/28/2024,29,78,136,No,Yes,Yes,No
951,1,8/29/2024,37,70,62,No,No,Yes,Yes
952,1,8/30/2024,29,67,86,No,Yes,No,Yes
953,1,8/31/2024,38,71,46,No,No,Yes,No
954,1,9/1/2024,29,66,108,No,Yes,No,No
955,1,9/2/2024,38,62,59,No,No,No,Yes
956,1,9/3/2024,29,67,139,No,Yes,No,No
957,1,9/4/2024,29,68,108,No,Yes,No,No
958,1,9/5/2024,29,65,41,No,Yes,No,No
959,1,9/6/2024,37,67,66,No,No,No,Yes
960,1,9/7/2024,37,63,14,No,No,No,No
961,1,9/8/2024,38,65,107,No,No,No,No
962,1,9/9/2024,38,65,147,No,No,No,No
963,1,9/10/2024,37,66,30,No,No,No,No
964,1,9/11/2024,29,64,143,No,Yes,No,No
965,1,9/12/2024,37,64,134,No,No,No,No
966,1,9/13/2024,29,63,136,No,Yes,No,No
967,1,9/14/2024,37,73,133,No,No,Yes,No
968,1,9/15/2024,37,90,142,No,No,No,No
969,1,9/16/2024,29,97,135,No,Yes,No,No
970,1,9/17/2024,29,90,86,No,Yes,No,Yes
971,1,9/18/2024,29,90,78,No,Yes,No,Yes
972,1,9/19/2024,29,84,94,Yes,Yes,Yes,Yes
973,1,9/20/2024,29,76,140,No,Yes,Yes,No
974,1,9/21/2024,29,87,33,No,Yes,No,No
975,1,9/22/2024,29,87,22,No,Yes,No,No
976,1,9/23/2024,29,75,14,No,Yes,Yes,No
977,1,9/24/2024,37,70,77,No,No,Yes,Yes
978,1,9/25/2024,37,72,114,No,No,Yes,No
979,1,9/26/2024,37,75,59,No,No,Yes,Yes
980,1,9/27/2024,37,73,51,No,No,Yes,Yes
981,1,9/28/2024,29,73,28,No,Yes,Yes,No
982,1,9/29/2024,29,72,136,No,Yes,Yes,No
983,1,9/30/2024,37,75,97,No,No,Yes,Yes
984,1,10/1/2024,37,73,125,No,No,Yes,No
985,1,10/2/2024,29,75,3,No,Yes,Yes,No
986,1,10/3/2024,29,70,22,No,Yes,Yes,No
987,1,10/4/2024,37,73,136,No,No,Yes,No
988,1,10/5/2024,37,73,35,No,No,Yes,No
989,1,10/6/2024,37,73,79,No,No,Yes,Yes
990,1,10/7/2024,37,77,142,No,No,Yes,No
991,1,10/8/2024,29,79,135,No,Yes,Yes,No
992,1,10/9/2024,29,75,11,No,Yes,Yes,No
993,1,10/10/2024,38,70,96,No,No,Yes,Yes
994,1,10/11/2024,38,72,70,No,No,Yes,Yes
995,1,10/12/2024,37,68,104,No,No,No,No
996,1,10/13/2024,37,64,50,No,No,No,Yes
997,1,10/14/2024,29,70,46,No,Yes,Yes,No
998,1,10/15/2024,29,73,113,No,Yes,Yes,No
999,1,10/16/2024,37,66,55,No,No,No,Yes
1000,1,10/17/2024,37,70,21,No,No,Yes,No
1001,1,10/18/2024,29,69,46,No,Yes,No,No
1002,1,10/19/2024,29,67,90,No,Yes,No,Yes
1003,1,10/20/2024,38,70,74,No,No,Yes,Yes
1004,1,10/21/2024,38,68,86,No,No,No,Yes
1005,1,10/22/2024,29,66,145,No,Yes,No,No
1006,1,10/23/2024,29,62,21,No,Yes,No,No
1007,1,10/24/2024,29,64,34,No,Yes,No,No
1008,1,10/25/2024,29,73,99,Yes,Yes,Yes,Yes
1009,1,10/26/2024,29,72,75,Yes,Yes,Yes,Yes
1010,1,10/27/2024,29,83,122,No,Yes,Yes,No
1011,1,10/28/2024,37,89,147,No,No,No,No
1012,1,10/29/2024,37,71,92,No,No,Yes,Yes
1013,1,10/30/2024,29,61,86,No,Yes,No,Yes
1014,1,10/31/2024,29,61,58,No,Yes,No,Yes
1015,1,11/1/2024,29,54,47,No,Yes,No,No
1016,1,11/2/2024,29,65,28,No,Yes,No,No
1017,1,11/3/2024,37,65,66,No,No,No,Yes
1018,1,11/4/2024,37,66,20,No,No,No,No
1019,1,11/5/2024,29,69,15,No,Yes,No,No
1020,1,11/6/2024,29,72,95,Yes,Yes,Yes,Yes
1021,1,11/7/2024,37,71,55,No,No,Yes,Yes
1022,1,11/8/2024,37,74,60,No,No,Yes,Yes
1023,1,11/9/2024,29,69,75,No,Yes,No,Yes
1024,1,11/10/2024,29,49,149,No,Yes,No,No
1025,1,11/11/2024,37,53,132,No,No,No,No
1026,1,11/12/2024,37,57,101,No,No,No,No
1027,1,11/13/2024,37,66,61,No,No,No,Yes
1028,1,11/14/2024,37,73,97,No,No,Yes,Yes
1029,1,11/15/2024,37,74,53,No,No,Yes,Yes
1030,1,11/16/2024,37,70,112,No,No,Yes,No
1031,1,11/17/2024,29,66,49,No,Yes,No,No
1032,1,11/18/2024,29,69,127,No,Yes,No,No
1033,1,11/19/2024,36,67,80,No,No,No,Yes
1034,1,11/20/2024,36,71,23,No,No,Yes,No
1035,1,11/21/2024,29,60,72,No,Yes,No,Yes
1036,1,11/22/2024,29,50,150,No,Yes,No,No
1037,1,11/23/2024,29,57,69,No,Yes,No,Yes
1038,1,11/24/2024,29,63,25,No,Yes,No,No
1039,1,11/25/2024,29,71,111,No,Yes,Yes,No
1040,1,11/26/2024,29,72,43,No,Yes,Yes,No
1041,1,11/27/2024,29,69,121,No,Yes,No,No
1042,1,11/28/2024,29,68,121,No,Yes,No,No
1043,1,11/29/2024,29,67,18,No,Yes,No,No
1044,1,11/30/2024,29,68,20,No,Yes,No,No
1045,1,12/1/2024,29,67,91,No,Yes,No,Yes
1046,1,12/2/2024,29,72,108,No,Yes,Yes,No
1047,1,12/3/2024,37,72,40,No,No,Yes,No
1048,1,12/4/2024,37,78,106,No,No,Yes,No
1049,1,12/5/2024,29,84,74,Yes,Yes,Yes,Yes
1050,1,12/6/2024,29,89,105,No,Yes,No,No
1051,1,12/7/2024,29,91,142,No,Yes,No,No
1052,1,12/8/2024,29,85,81,Yes,Yes,Yes,Yes
1053,1,12/9/2024,37,94,139,No,No,No,No
1054,1,12/10/2024,37,92,118,No,No,No,No
1055,1,12/11/2024,37,94,128,No,No,No,No
1056,1,12/12/2024,37,72,102,No,No,Yes,No
1057,1,12/13/2024,29,79,80,Yes,Yes,Yes,Yes
1058,1,12/14/2024,29,72,146,No,Yes,Yes,No
1059,1,12/15/2024,29,75,127,No,Yes,Yes,No
1060,1,12/16/2024,29,74,138,No,Yes,Yes,No
1061,1,12/17/2024,29,60,133,No,Yes,No,No
1062,1,12/18/2024,29,58,79,No,Yes,No,Yes
1063,1,12/19/2024,37,74,50,No,No,Yes,Yes
1064,1,12/20/2024,37,62,115,No,No,No,No
1065,1,12/21/2024,29,46,134,No,Yes,No,No
1066,1,12/22/2024,29,55,71,No,Yes,No,Yes
1067,1,12/23/2024,29,64,3,No,Yes,No,No
1068,1,12/24/2024,29,83,99,Yes,Yes,Yes,Yes
1069,1,12/25/2024,29,71,20,No,Yes,Yes,No
1070,1,12/26/2024,29,70,62,Yes,Yes,Yes,Yes
1071,1,12/27/2024,29,87,21,No,Yes,No,No
1072,1,12/28/2024,29,69,10,No,Yes,No,No
1073,1,12/29/2024,29,75,59,Yes,Yes,Yes,Yes
1074,1,12/30/2024,29,53,145,No,Yes,No,No
1075,1,12/31/2024,37,53,117,No,No,No,No
1076,1,1/1/2025,37,45,146,No,No,No,No
1077,1,1/2/2025,36,56,16,No,No,No,No
1078,1,1/3/2025,36,77,26,No,No,Yes,No
1079,1,1/4/2025,37,95,119,No,No,No,No
1080,1,1/5/2025,37,88,44,No,No,No,No
1081,1,1/6/2025,29,95,121,No,Yes,No,No
1082,1,1/7/2025,29,84,130,No,Yes,Yes,No
1083,1,1/8/2025,29,86,78,No,Yes,No,Yes
1084,1,1/9/2025,29,68,137,No,Yes,No,No
1085,1,1/10/2025,37,45,3,No,No,No,No
1086,1,1/11/2025,37,75,9,No,No,Yes,No
1087,1,1/12/2025,37,91,56,No,No,No,Yes
1088,1,1/13/2025,37,73,146,No,No,Yes,No
1089,1,1/14/2025,29,73,112,No,Yes,Yes,No
1090,1,1/15/2025,29,78,146,No,Yes,Yes,No
1091,1,1/16/2025,29,78,18,No,Yes,Yes,No
1092,1,1/17/2025,29,82,82,Yes,Yes,Yes,Yes
1093,1,1/18/2025,29,80,89,Yes,Yes,Yes,Yes
1094,1,1/19/2025,29,48,54,No,Yes,No,Yes
1095,1,1/20/2025,37,42,99,No,No,No,Yes
1096,1,1/21/2025,37,40,23,No,No,No,No
1097,1,1/22/2025,30,41,12,No,Yes,No,No
1098,1,1/23/2025,30,48,126,No,Yes,No,No
1099,1,1/24/2025,38,74,132,No,No,Yes,No
1100,1,1/25/2025,38,85,26,No,No,Yes,No
1101,1,1/26/2025,29,74,92,Yes,Yes,Yes,Yes
1102,1,1/27/2025,29,74,79,Yes,Yes,Yes,Yes
1103,1,1/28/2025,31,72,23,No,No,Yes,No
1104,1,1/29/2025,31,72,81,No,No,Yes,Yes
1105,1,1/30/2025,37,51,112,No,No,No,No
1106,1,1/31/2025,37,38,126,No,No,No,No
1107,1,2/1/2025,29,70,3,No,Yes,Yes,No
1108,1,2/2/2025,29,74,76,Yes,Yes,Yes,Yes
1109,1,2/3/2025,29,79,36,No,Yes,Yes,No
1110,1,2/4/2025,29,52,66,No,Yes,No,Yes
1111,1,2/5/2025,38,58,107,No,No,No,No
1112,1,2/6/2025,38,64,43,No,No,No,No
1113,1,2/7/2025,29,55,90,No,Yes,No,Yes
1114,1,2/8/2025,29,48,111,No,Yes,No,No
1115,1,2/9/2025,29,50,122,No,Yes,No,No
1116,1,2/10/2025,29,69,7,No,Yes,No,No
1117,1,2/11/2025,37,66,99,No,No,No,Yes
1118,1,2/12/2025,37,72,77,No,No,Yes,Yes
1119,1,2/13/2025,29,70,122,No,Yes,Yes,No
1120,1,2/14/2025,29,74,85,Yes,Yes,Yes,Yes
1121,1,2/15/2025,38,92,38,No,No,No,No
1122,1,2/16/2025,38,87,106,No,No,No,No
1123,1,2/17/2025,29,78,47,No,Yes,Yes,No
1124,1,2/18/2025,29,86,7,No,Yes,No,No
1125,1,2/19/2025,29,93,97,No,Yes,No,Yes
1126,1,2/20/2025,29,79,126,No,Yes,Yes,No
1127,1,2/21/2025,29,66,78,No,Yes,No,Yes
1128,1,2/22/2025,29,62,104,No,Yes,No,No
1129,1,2/23/2025,29,38,17,No,Yes,No,No
1130,1,2/24/2025,29,44,122,No,Yes,No,No
1131,1,2/25/2025,37,62,18,No,No,No,No
1132,1,2/26/2025,37,53,144,No,No,No,No
1133,1,2/27/2025,29,46,112,No,Yes,No,No
1134,1,2/28/2025,29,48,72,No,Yes,No,Yes
1135,1,3/1/2025,37,52,90,No,No,No,Yes
1136,1,3/2/2025,37,44,84,No,No,No,Yes
1137,1,3/3/2025,29,38,72,No,Yes,No,Yes
1138,1,3/4/2025,29,44,82,No,Yes,No,Yes
1139,1,3/5/2025,37,68,70,No,No,No,Yes
1140,1,3/6/2025,37,52,36,No,No,No,No
1141,1,3/7/2025,29,57,69,No,Yes,No,Yes
1142,1,3/8/2025,29,77,79,Yes,Yes,Yes,Yes
1143,1,3/9/2025,29,89,113,No,Yes,No,No
1144,1,3/10/2025,29,76,77,Yes,Yes,Yes,Yes
1145,1,3/11/2025,37,59,124,No,No,No,No
1146,1,3/12/2025,37,49,135,No,No,No,No
1147,1,3/13/2025,29,39,143,No,Yes,No,No
1148,1,3/14/2025,29,70,79,Yes,Yes,Yes,Yes
1149,1,3/15/2025,37,71,95,No,No,Yes,Yes
1150,1,3/16/2025,37,73,116,No,No,Yes,No
1151,1,3/17/2025,29,63,54,No,Yes,No,Yes
1152,1,3/18/2025,29,80,3,No,Yes,Yes,No
1153,1,3/19/2025,29,53,145,No,Yes,No,No
1154,1,3/20/2025,29,54,9,No,Yes,No,No
1155,1,3/21/2025,37,67,50,No,No,No,Yes
1156,1,3/22/2025,37,58,30,No,No,No,No
1157,1,3/23/2025,29,76,116,No,Yes,Yes,No
1158,1,3/24/2025,29,80,135,No,Yes,Yes,No
1159,1,3/25/2025,37,61,83,No,No,No,Yes
1160,1,3/26/2025,37,48,99,No,No,No,Yes
1161,1,3/27/2025,29,50,107,No,Yes,No,No
1162,1,3/28/2025,29,31,102,No,Yes,No,No
1163,1,3/29/2025,29,42,41,No,Yes,No,No
1164,1,3/30/2025,29,77,62,Yes,Yes,Yes,Yes
1165,1,3/31/2025,29,76,19,No,Yes,Yes,No
1166,1,4/1/2025,29,79,84,Yes,Yes,Yes,Yes
1167,1,4/2/2025,38,59,78,No,No,No,Yes
1168,1,4/3/2025,38,30,73,No,No,No,Yes
1169,1,4/4/2025,38,45,20,No,No,No,No
1170,1,4/5/2025,38,72,62,No,No,Yes,Yes
1171,1,4/6/2025,29,84,35,No,Yes,Yes,No
1172,1,4/7/2025,29,76,8,No,Yes,Yes,No
1173,1,4/8/2025,37,61,88,No,No,No,Yes
1174,1,4/9/2025,37,56,122,No,No,No,No
1175,1,4/10/2025,37,79,26,No,No,Yes,No
1176,1,4/11/2025,37,70,78,No,No,Yes,Yes
1177,1,4/12/2025,37,94,87,No,No,No,Yes
1178,1,4/13/2025,37,85,9,No,No,Yes,No
1179,1,4/14/2025,29,85,89,Yes,Yes,Yes,Yes
1180,1,4/15/2025,29,46,88,No,Yes,No,Yes
1181,1,4/16/2025,29,64,7,No,Yes,No,No
1182,1,4/17/2025,29,78,133,No,Yes,Yes,No
1183,1,4/18/2025,37,69,102,No,No,No,No
1184,1,4/19/2025,37,72,10,No,No,Yes,No
1185,1,4/20/2025,37,69,14,No,No,No,No
1186,1,4/21/2025,37,63,69,No,No,No,Yes
1187,1,4/22/2025,29,70,116,No,Yes,Yes,No
1188,1,4/23/2025,29,67,58,No,Yes,No,Yes
1189,1,4/24/2025,29,56,69,No,Yes,No,Yes
1190,1,4/25/2025,29,68,145,No,Yes,No,No
1191,1,4/26/2025,29,48,91,No,Yes,No,Yes
1192,1,4/27/2025,29,67,34,No,Yes,No,No
1193,1,4/28/2025,29,73,113,No,Yes,Yes,No
1194,1,4/29/2025,29,67,35,No,Yes,No,No
1195,1,4/30/2025,37,62,150,No,No,No,No
1196,1,5/1/2025,37,50,27,No,No,No,No
1197,1,5/2/2025,29,56,127,No,Yes,No,No
1198,1,5/3/2025,29,79,100,Yes,Yes,Yes,Yes
1199,1,5/4/2025,37,74,58,No,No,Yes,Yes
1200,1,5/5/2025,37,58,86,No,No,No,Yes
1201,1,5/6/2025,29,52,41,No,Yes,No,No
1202,1,5/7/2025,29,45,107,No,Yes,No,No
1203,1,5/8/2025,37,52,146,No,No,No,No
1204,1,5/9/2025,37,55,99,No,No,No,Yes
1205,1,5/10/2025,37,72,21,No,No,Yes,No
1206,1,5/11/2025,37,73,62,No,No,Yes,Yes
1207,1,5/12/2025,36,82,95,No,No,Yes,Yes
1208,1,5/13/2025,36,94,149,No,No,No,No
1209,1,5/14/2025,29,79,104,No,Yes,Yes,No
1210,1,5/15/2025,29,77,125,No,Yes,Yes,No
1211,1,5/16/2025,37,69,84,No,No,No,Yes
1212,1,5/17/2025,37,71,76,No,No,Yes,Yes
1213,1,5/18/2025,36,73,44,No,No,Yes,No
1214,1,5/19/2025,36,80,112,No,No,Yes,No
1215,1,5/20/2025,37,73,71,No,No,Yes,Yes
1216,1,5/21/2025,37,71,24,No,No,Yes,No
1217,1,5/22/2025,37,73,25,No,No,Yes,No
1218,1,5/23/2025,37,66,121,No,No,No,No
1219,1,5/24/2025,29,69,29,No,Yes,No,No
1220,1,5/25/2025,29,50,13,No,Yes,No,No
1221,1,5/26/2025,37,61,64,No,No,No,Yes
1222,1,5/27/2025,37,73,70,No,No,Yes,Yes
1223,1,5/28/2025,29,51,107,No,Yes,No,No
1224,1,5/29/2025,29,58,9,No,Yes,No,No
1225,1,5/30/2025,36,64,8,No,No,No,No
1226,1,5/31/2025,36,64,113,No,No,No,No
1227,1,6/1/2025,29,43,119,No,Yes,No,No
1228,1,6/2/2025,29,50,130,No,Yes,No,No
1229,1,6/3/2025,29,57,100,No,Yes,No,Yes
1230,1,6/4/2025,29,66,128,No,Yes,No,No
1231,1,6/5/2025,29,43,110,No,Yes,No,No
1232,1,6/6/2025,29,44,97,No,Yes,No,Yes
1233,1,6/7/2025,29,52,123,No,Yes,No,No
1234,1,6/8/2025,29,56,115,No,Yes,No,No
1235,1,6/9/2025,37,66,40,No,No,No,No
1236,1,6/10/2025,37,86,47,No,No,No,No
1237,1,6/11/2025,29,76,145,No,Yes,Yes,No
1238,1,6/12/2025,29,73,107,No,Yes,Yes,No
1239,1,6/13/2025,36,61,54,No,No,No,Yes
1240,1,6/14/2025,36,54,85,No,No,No,Yes
1241,1,6/15/2025,36,63,104,No,No,No,No
1242,1,6/16/2025,36,67,149,No,No,No,No
1243,1,6/17/2025,36,74,113,No,No,Yes,No
1244,1,6/18/2025,36,67,67,No,No,No,Yes
1245,1,6/19/2025,29,72,36,No,Yes,Yes,No
1246,1,6/20/2025,29,64,110,No,Yes,No,No
1247,1,6/21/2025,36,77,13,No,No,Yes,No
1248,1,6/22/2025,36,74,38,No,No,Yes,No
1249,1,6/23/2025,29,81,91,Yes,Yes,Yes,Yes
1250,1,6/24/2025,29,73,101,No,Yes,Yes,No
1251,1,6/25/2025,29,54,81,No,Yes,No,Yes
1252,1,6/26/2025,29,55,113,No,Yes,No,No
1253,1,6/27/2025,29,70,57,Yes,Yes,Yes,Yes
1254,1,6/28/2025,29,71,71,Yes,Yes,Yes,Yes
1255,1,6/29/2025,36,73,55,No,No,Yes,Yes
1256,1,6/30/2025,36,70,30,No,No,Yes,No
1257,1,7/1/2025,29,68,49,No,Yes,No,No
1258,1,7/2/2025,29,74,43,No,Yes,Yes,No
1259,1,7/3/2025,36,75,5,No,No,Yes,No
1260,1,7/4/2025,36,70,142,No,No,Yes,No
1261,1,7/5/2025,29,69,27,No,Yes,No,No
1262,1,7/6/2025,29,76,11,No,Yes,Yes,No
1263,1,7/7/2025,35,72,144,No,No,Yes,No
1264,1,7/8/2025,35,67,7,No,No,No,No
1265,1,7/9/2025,34,55,95,No,No,No,Yes
1266,1,7/10/2025,34,60,35,No,No,No,No
1267,1,7/11/2025,29,69,21,No,Yes,No,No
1268,1,7/12/2025,29,62,103,No,Yes,No,No
1269,1,7/13/2025,34,62,22,No,No,No,No
1270,1,7/14/2025,34,62,40,No,No,No,No
1271,1,7/15/2025,29,63,71,No,Yes,No,Yes
1272,1,7/16/2025,29,63,106,No,Yes,No,No
1273,1,7/17/2025,33,65,132,No,No,No,No
1274,1,7/18/2025,33,60,106,No,No,No,No
1275,1,7/19/2025,29,61,53,No,Yes,No,Yes
1276,1,7/20/2025,29,60,65,No,Yes,No,Yes
1277,1,7/21/2025,32,72,95,No,No,Yes,Yes
1278,1,7/22/2025,32,60,92,No,No,No,Yes
1279,1,7/23/2025,29,54,68,No,Yes,No,Yes
1280,1,7/24/2025,29,54,123,No,Yes,No,No
1281,1,7/25/2025,31,63,63,No,No,No,Yes
1282,1,7/26/2025,31,70,102,No,No,Yes,No
1283,1,7/27/2025,29,67,140,No,Yes,No,No
1284,1,7/28/2025,29,74,133,No,Yes,Yes,No
1285,1,7/29/2025,30,75,148,No,Yes,Yes,No
1286,1,7/30/2025,30,70,114,No,Yes,Yes,No
1287,1,7/31/2025,29,68,145,No,Yes,No,No
1288,1,8/1/2025,29,64,22,No,Yes,No,No
1289,1,8/2/2025,30,62,86,No,Yes,No,Yes
1290,1,8/3/2025,30,63,10,No,Yes,No,No
1291,1,8/4/2025,29,62,36,No,Yes,No,No
1292,1,8/5/2025,29,60,123,No,Yes,No,No
1293,1,8/6/2025,28,58,65,No,Yes,No,Yes
1294,1,8/7/2025,28,60,27,No,Yes,No,No
1295,1,8/8/2025,29,61,60,No,Yes,No,Yes
1296,1,8/9/2025,29,59,109,No,Yes,No,No
1297,1,8/10/2025,27,56,48,No,Yes,No,No
1298,1,8/11/2025,27,57,95,No,Yes,No,Yes
1299,1,8/12/2025,29,58,148,No,Yes,No,No
1300,1,8/13/2025,29,59,24,No,Yes,No,No
1301,1,8/14/2025,26,59,150,No,Yes,No,No
1302,1,8/15/2025,26,58,124,No,Yes,No,No
1303,1,8/16/2025,29,65,97,No,Yes,No,Yes
1304,1,8/17/2025,29,67,5,No,Yes,No,No
1305,1,8/18/2025,29,63,115,No,Yes,No,No
1306,1,8/19/2025,29,61,36,No,Yes,No,No
1307,1,8/20/2025,25,60,23,No,Yes,No,No
1308,1,8/21/2025,25,56,91,No,Yes,No,Yes
1309,1,8/22/2025,29,56,118,No,Yes,No,No
1310,1,8/23/2025,29,58,105,No,Yes,No,No
1311,1,8/24/2025,29,58,54,No,Yes,No,Yes
1312,1,8/25/2025,29,60,30,No,Yes,No,No
1313,1,8/26/2025,29,61,15,No,Yes,No,No
1314,1,8/27/2025,29,58,35,No,Yes,No,No
1315,1,8/28/2025,29,54,87,No,Yes,No,Yes
1316,1,8/29/2025,29,54,48,No,Yes,No,No
1317,1,8/30/2025,29,51,22,No,Yes,No,No
1318,1,8/31/2025,29,48,143,No,Yes,No,No
1319,1,9/1/2025,29,43,102,No,Yes,No,No